CATEGORY,TOPIC,WHAT,HOW,WHY
Surveillance,Cell-Free Architecture,A network design where the concept of a single cell tower is removed.,It distributes thousands of antennas across building walls and ceilings to surround users.,It creates a ubiquitous tracking grid where no "dead zones" exist to escape connectivity.
Control,Centralized RAN,The consolidation of radio network processing into central cloud servers.,It moves decision-making away from the device and into a central corporate cloud.,It concentrates power over global communications into the hands of a few tech giants.
Privacy,Coherent Sensing,A radar-like capability built into the 6G network to map physical environments.,It uses radio wave reflections to detect the shape; speed; and position of objects and people.,It allows the network to "see" inside private homes without using optical cameras.
AI Risk,Cognitive Radio,An AI-driven system that autonomously manages radio spectrum rights.,It uses machine learning to decide which users or devices get priority access to bandwidth.,It removes human oversight; potentially prioritizing corporate traffic over civil needs.
Surveillance,Continuous Authentication,A security method that constantly verifies a user's identity in real-time.,It monitors behavioral biometrics like your walking gait; heartbeat; and typing rhythm 24/7.,It eliminates anonymity; treating every human movement as a biological login credential.
Autonomy,Cyber-Physical System,The deep integration of digital algorithms with physical machinery and bodies.,It allows software codes to directly control physical objects; cars; and potentially implants.,It creates a physical world vulnerable to hacking; glitches; and remote shutdowns.
Infrastructure,Cloud-Native Core,The full migration of network functions into software running in data centers.,It replaces dedicated hardware with code that can be updated or changed instantly from afar.,It makes critical infrastructure entirely dependent on the stability of commercial cloud providers.
Health/Safety,Collocated MIMO,Massive clusters of antennas placed in extremely close proximity to users.,It beams high-frequency signals directly from street furniture or indoor wallpapers.,It dramatically increases the density of electromagnetic exposure in public and private spaces.
Economics,Commoditized Connectivity,The turning of human connection into a tradeable digital asset.,It uses automated auctions to sell network slices to the highest bidder in real-time.,It risks creating a tiered society where reliable communication is a luxury product.
Surveillance,Context-Awareness,The network's ability to understand the user's exact situation and environment.,It harvests data from microphones; GPS; and sensors to build a profile of your current activity.,It strips away the context of privacy; allowing corporations to monetize your intimate moments.
Control,Closed-Loop Automation,A network management system that operates without any human intervention.,It detects and fixes issues using black-box AI algorithms that humans cannot audit.,It creates a "runaway" system where errors or biases can propagate faster than humans can stop them.
Infrastructure,Computation Plane,A layer of processing power embedded directly into the network transmission nodes.,It forces user data to be processed on the network's computers rather than the user's private device.,It erodes data sovereignty by forcing processing to happen on infrastructure you do not own.
